name,address,city,state,postalZip,number,month,year
Yael Alvarado,423-9843 Et Rd.,Seletar,Leinster,11806,8,1,2026
Cedric Bishop,Ap #489-2772 Justo Rd.,Feilding,Rio de Janeiro,64487,4,1,2026
Kim Ray,P.O. Box 934 1238 Donec Street,Puerto Princesa,Maine,300628,2,1,2027
Bryar Howe,393-6050 Enim Avenue,Pekanbaru,Opolskie,411868,2,1,2027
Edward Bridges,Ap #649-2423 Commodo St.,Vänersborg,Rheinland-Pfalz,48-43,1,1,2026
Oren Alvarado,P.O. Box 775 7931 Eu Street,Timaru,Jharkhand,AX78 4GW,3,1,2026
Amos Wall,Ap #337-119 Fringilla Rd.,Naga,Connecticut,367736,8,1,2026
Hayes Bean,P.O. Box 663 9282 Lectus. St.,Changi Bay,Jönköpings län,I5 3DB,2,1,2027
Lilah Montgomery,5367 Enim St.,Lavoir,Ternopil oblast,79735,7,1,2027
Madonna Allen,107-9094 Cursus Ave,Enns,Sikkim,B7C 4C2,0,1,2026
